density,size,budget_s,n_pairs,ga_mean,cpsat_mean,mean_diff,median_diff,rank_biserial,ci95_low,ci95_high,wilcoxon_statistic,p_value
sparse_0.10,medium,30.0,20,9431.55,9453.2,-21.65,-38.5,-0.4,-46.2,4.65,63.0,0.11685576045191039
sparse_0.10,medium,120.0,20,9508.95,9517.15,-8.2,-20.5,-0.19523809523809524,-30.55,16.05,84.5,0.44388263714321485
sparse_0.10,medium,400.0,20,9547.1,9557.75,-10.65,-19.0,-0.6105263157894737,-24.65,7.9,37.0,0.019568553545037618
dense_0.50,medium,30.0,20,8495.05,8611.7,-116.65,-126.5,-0.7380952380952381,-175.7,-54.2,27.5,0.003809330964064034
dense_0.50,medium,120.0,20,8626.5,8724.05,-97.55,-124.0,-0.7047619047619048,-136.65,-52.1,31.0,0.0042209625244140625
dense_0.50,medium,400.0,20,8717.5,8779.75,-62.25,-83.0,-0.8095238095238095,-88.25,-25.15,20.0,0.001505852119293462
