size,algorithm,budget_s,n_feasible,mean_objective,std_objective,min_objective,max_objective,mean_time,feasibility_rate,mean_pref_sat,mean_load_stddev
realistic,GA,30.0,20,9619.85,66.04486114915018,9464.0,9728.0,400.04572252500077,1.0,94.936328433036,19.688015876333637
realistic,GA,120.0,20,9689.95,56.00702493531738,9568.0,9762.0,400.04572252500077,1.0,94.936328433036,19.688015876333637
realistic,GA,400.0,20,9723.95,53.02678072148271,9608.0,9795.0,400.04572252500077,1.0,94.936328433036,19.688015876333637
realistic,CP-SAT,30.0,20,9771.45,44.3710135347984,9692.0,9845.0,191.42958876499907,1.0,98.84690685323741,20.422344228098815
realistic,CP-SAT,120.0,20,9781.7,40.6902290094576,9706.0,9845.0,191.42958876499907,1.0,98.84690685323741,20.422344228098815
realistic,CP-SAT,400.0,20,9784.2,41.19734278605331,9706.0,9845.0,191.42958876499907,1.0,98.84690685323741,20.422344228098815
