size,algorithm,budget_s,n_feasible,mean_objective,std_objective,min_objective,max_objective,mean_time,feasibility_rate,mean_pref_sat,mean_load_stddev
tight,GA,30.0,20,9043.95,109.63742877992755,8843.0,9246.0,400.0913613299999,1.0,63.93347467175483,5.726101972050615
tight,GA,120.0,20,9154.7,113.39084711971384,8971.0,9383.0,400.0913613299999,1.0,63.93347467175483,5.726101972050615
tight,GA,400.0,20,9259.2,114.06950789575164,9034.0,9486.0,400.0913613299999,1.0,63.93347467175483,5.726101972050615
tight,CP-SAT,30.0,10,9134.0,182.16720036518345,8795.0,9401.0,400.04158206499994,0.5,59.26447476771291,6.9105483783096995
tight,CP-SAT,120.0,16,9128.8125,174.26654632105001,8774.0,9404.0,400.04158206499994,0.8,59.26447476771291,6.9105483783096995
tight,CP-SAT,400.0,18,9184.166666666666,182.76383024838046,8774.0,9466.0,400.04158206499994,0.9,59.26447476771291,6.9105483783096995
