size,budget_s,n_pairs,ga_mean,cpsat_mean,mean_diff,median_diff,rank_biserial,ci95_low,ci95_high,wilcoxon_statistic,p_value
tight,30.0,10,9018.9,9134.0,-115.1,-106.0,-0.8909090909090909,-171.0,-54.0,3.0,0.009765625
tight,120.0,16,9138.9375,9128.8125,10.125,-4.0,0.0,-53.4375,77.4375,68.0,1.0
tight,400.0,18,9248.777777777777,9184.166666666666,64.61111111111111,68.5,0.4678362573099415,4.555555555555555,132.72222222222223,45.5,0.08146982277446028
