profile,size,budget_s,n_pairs,ga_mean,cpsat_mean,mean_diff,median_diff,rank_biserial,ci95_low,ci95_high,wilcoxon_statistic,p_value
preference,medium,30.0,20,8037.0,8436.3,-399.3,-461.5,-0.819047619047619,-558.4,-227.85,19.0,0.0005855560302734375
preference,medium,120.0,20,8484.65,8744.05,-259.4,-242.0,-0.9714285714285714,-338.5,-183.8,3.0,9.5367431640625e-06
preference,medium,400.0,20,8741.75,8911.1,-169.35,-181.5,-0.9238095238095239,-230.35,-107.9,8.0,4.76837158203125e-05
fairness,medium,30.0,20,8845.9,8970.25,-124.35,-179.5,-0.7476190476190476,-182.9,-60.75,26.5,0.0033801432975510103
fairness,medium,120.0,20,8996.2,9158.05,-161.85,-152.0,-1.0,-188.5,-135.25,0.0,8.832385863081277e-05
fairness,medium,400.0,20,9111.35,9220.05,-108.7,-122.0,-0.9809523809523809,-130.25,-84.95,2.0,0.0001202578206387046
